original_author_name,year,type,MAGID
Wei Chen,2024,1,2585669862
Adi Shamir,2002,10,2201755339
Alan C. Kay,2003,10,1974749230
Alan J. Perlis,1966,10,2659867364
Alfred V. Aho,2020,10,2380581373
Allen Newell,1975,10,2126658068
Amir Pnueli,1996,10,2171343426
Andrew Barto,2024,10,1997216218
Andrew Chi-Chih Yao,2000,10,2088166175
Avi Wigderson,2023,10,31335080
Barbara Liskov,2008,10,2084056563
Butler W. Lampson,1992,10,1785551945
C. A. R. Hoare,1980,10,2052847585
Charles W. Bachman,1973,10,2315463675
Dana Scott,1976,10,2602723040
David A. Patterson,2017,10,2098984663
Dennis M. Ritchie,1983,10,2110203303
Donald E. Knuth,1974,10,2137000881
Douglas C. Engelbart,1997,10,2208808115
E. Allen Emerson,2007,10,2115834734
Edmund M. Clarke,2007,10,2129477832
Edsger W. Dijkstra,1972,10,2137842401
Edward A. Feigenbaum,1994,10,2086686599
Frederick P. Brooks,1999,10,2097474894
Geoffrey E. Hinton,2018,10,563069026
Herbert A. Simon,1975,10,2118103072
Ivan E. Sutherland,1988,10,1941499373
Jack Dongarra,2021,10,288512535
James Hardy Wilkinson,1970,10,2193746894
Jeffrey D. Ullman,2020,10,2289364316
Jim Gray,1998,10,2131537204
John Cocke,1987,10,2161752438
John E. Hopcroft,1986,10,2079447303
John L. Hennessy,2017,10,1965698830
John McCarthy,1971,10,2498471291
Joseph Sifakis,2007,10,2105927184
Judea Pearl,2011,10,2248165042
Juris Hartmanis,1993,10,327575412
Ken Thompson,1983,10,2163136642
Kenneth E. Iverson,1979,10,2470509247
Leonard M. Adleman,2002,10,2009176085
Leslie G. Valiant,2010,10,2000097935
Leslie Lamport,2013,10,2096750770
Manuel Blum,1995,10,2163096604
Martin E. Hellman,2015,10,2146312211
Marvin Minsky,1969,10,1968041664
Maurice V. Wilkes,1967,10,2224046207
Michael O. Rabin,1976,10,2144633556
Michael Stonebraker,2014,10,1998938290
Niklaus Wirth,1984,10,2327738716
Pat Hanrahan,2019,10,2225733586
Peter Naur,2005,10,587396187
Raj Reddy,1994,10,2149385398
Richard Edwin Stearns,1993,10,2102135011
Richard M. Karp,1985,10,1964658237
Richard Sutton,2024,10,3208608207
Robert E. Kahn,2004,10,2610176178
Robert E. Tarjan,1986,10,350567680
Robert W. Floyd,1978,10,2011551863
Robin Milner,1991,10,2087817183
Ronald L. Rivest,2002,10,695545146
Shafi Goldwasser,2012,10,1728759264
Silvio Micali,2012,10,699581604
Stephen A. Cook,1982,10,2098910421
Tim Berners-Lee,2016,10,2308609296
Vinton G. Cerf,2004,10,2029905547
Whitfield Diffie,2015,10,2307656538
William Kahan,1989,10,2053339767
Yann LeCun,2018,10,2053214915
Yoshua Bengio,2018,10,161269817
A. El Abbadi,2010,1,2055247794
Aaron Hertzmann,2018,1,1965004193
Aarti Gupta,2017,1,2129619966
Abhik Roychoudhury,2024,1,2153766775
Abigail Sellen,2016,1,1985629368
Abraham Kandel,1998,1,2115569417
Abraham Silberschatz,1996,1,2251809919
Adam Finkelstein,2014,1,2136484952
Adam Smith,2020,1,2132461468
Adi Shamir,2020,1,2201755339
Aditya Akella,2023,1,2286288562
Adnan Darwiche,2018,1,457026902
Adrian Perrig,2016,1,2213385919
Ahmed E. Hassan,2022,1,2110155496
Ahmed K. Elmagarmid,2012,1,2057816297
Ahmed Sameh,1999,1,1208251994
Aidong Zhang,2017,1,2228514421
Akinori Yonezawa,1999,1,660900409
Alan Borning,2001,1,2020136591
Alan Bundy,2014,1,2000084407
Alan C. Kay,2008,1,1974749230
Alan Edelman,2020,1,2472388376
Alan F. Newell,2006,1,2283508340
Alan H. Barr,1995,1,1970116039
Alan L. Selman,1998,1,1983273066
Alan Smith,2001,1,2139775826
Alan W. Biermann,2000,1,727408494
Albert G. Greenberg,2006,1,2743143419
Albert R. Meyer,2000,1,2250310737
Alberto Sangiovanni-Vincentelli,2014,1,681596721
Albrecht Schmidt,2023,1,3165213004
Alec Wolman,2018,1,2110739081
Alex Aiken,2008,1,2067453598
Alex C. Snoeren,2018,1,2112598219
Alex Pothen,2022,1,1459957267
Alexander L. Wolf,2006,1,2115607830
Alexander Vardy,2017,1,2115388567
Alfons Kemper,2022,1,2244150349
Alfred V. Aho,1996,1,2380581373
Alfred Z. Spector,2006,1,2105930983
Alistair Sinclair,2012,1,2121878995
Alla Sheffer,2021,1,2009650199
Allan Borodin,2014,1,2130144971
Allan Gottlieb,2004,1,2293769500
Allen B. Tucker,1994,1,2116005595
Allison Druin,2016,1,935383222
Alok Choudhary,2009,1,2147783234
Alon Halevy,2006,1,2154833104
Ambuj Goyal,2002,1,2274593112
Amin Vahdat,2011,1,295064773
Amir Pnueli,2007,1,2171343426
Amit Sahai,2018,1,2159933393
Amit Sheth,2020,1,2893523298
Amit Singhal,2011,1,2518821817
Amos Fiat,2021,1,1577021311
Amr El Abbadi,2010,1,2120785847
Amy Bruckman,2018,1,254181745
Anand Raghunathan,2023,1,1992871312
Anand Sivasubramaniam,2017,1,2167092868
Anant Agarwal,2007,1,2282754113
Anantha P. Chandrakasan,2020,1,1990504404
Anastasia Ailamaki,2015,1,2024002627
Andrea C. Arpaci-Dusseau,2020,1,1979388515
Andreas Krause,2023,1,2165121431
Andreas Moshovos,2017,1,2005108218
Andreas Zeller,2010,1,2106620385
Andrei Z. Broder,2007,1,1970098533
Andrew A. Chien,2004,1,2614356407
Andrew B. Kahng,2012,1,2067629764
Andrew C. Myers,2013,1,2141746463
Andrew Chi-Chih Yao,1995,1,2088166175
Andrew D. Gordon,2020,1,2101841271
Andrew M. Pitts,2012,1,2165119604
Andrew McCallum,2017,1,2131293038
Andrew S. Tanenbaum,1996,1,2068854845
Andrew Tomkins,2020,1,2130754085
Andrew V. Goldberg,2009,1,2129291095
Andrew W. Appel,1998,1,2120329599
Andries van Dam,1994,1,2149961428
André DeHon,2018,1,2035441203
André Seznec,2016,1,2202017631
Angelos D. Keromytis,2017,1,299775663
Anil K. Jain,2003,1,2162010601
Anind K. Dey,2021,1,2111246749
Anja Feldmann,2023,1,2036301181
Anna R. Karlin,2012,1,2029686818
Anne Condon,2010,1,227075345
Anne-Marie Kermarrec,2016,1,699770294
Anthony I. Wasserman,1996,1,2199033490
Anthony J. G. Hey,2016,1,2029136260
Anthony Ralston,1994,1,2534974593
Antonio Gonzalez,2020,1,2479350462
Anupam Gupta,2021,1,2158078532
Anwar Walid,2024,1,2103862135
Aravind K. Joshi,1998,1,2101398122
Aravind Srinivasan,2014,1,2128242943
Arie E. Kaufman,2009,1,2132849971
Arindam Banerjee,2024,1,2037585042
Aristides A. G. Requicha,2007,1,2575782317
Arnold L. Rosenberg,1996,1,2169735298
Arvind Krishnamurthy,2020,1,2088689873
Ashish Goel,2024,1,2112067655
Ashutosh Sabharwal,2022,1,2240333828
Assaf Schuster,2015,1,2135728993
Avi Wigderson,2018,1,31335080
Avrim Blum,2007,1,2137000917
Axel van Lamsweerde,2000,1,1227273176
Azad M. Madni,2024,1,2042489223
Azriel Rosenfeld,1994,1,2149857775
B. Chandrasekaran,1996,1,2236620033
Baba C. Vemuri,2009,1,336558674
Babak Falsafi,2015,1,117387042
Baining Guo,2011,1,2153421060
Balaji Prabhakar,2017,1,2108719851
Bantwal R. Rau,2002,1,2502988700
Barbara G. Ryder,1998,1,2139647612
Barbara J. Grosz,2003,1,328532754
Barbara Liskov,1996,1,2084056563
Barbara Simons,1994,1,2118382796
Barry Boehm,1997,1,2068686281
Bart Selman,2012,1,1966117383
Barton P. Miller,2001,1,2155251401
Bashar A. Nuseibeh,2024,1,2207023792
Batya Friedman,2021,1,2242179040
Bella Bose,2004,1,2047212534
Ben Shneiderman,1997,1,668764113
Ben Y. Zhao,2021,1,2166435812
Beng Chin Ooi,2011,1,2037466936
Benjamin C. Pierce,2012,1,1988947184
Benjamin G. Zorn,2024,1,2406631840
Benjamin J. Raphael,2023,1,2143833718
Benjamin W. Wah,2004,1,688151781
Bernard Chazelle,1996,1,2076086827
Bernhard Nebel,2021,1,1989269690
Bernhard Schoelkopf,2017,1,2224599527
Bernt Schiele,2021,1,1620943014
Bertrand Meyer,2008,1,2161925446
Bhavani Thuraisingham,2018,1,2298201484
Bill Curtis,2022,1,2289360256
Bing Liu,2015,1,2244698799
Bjarne Stroustrup,1994,1,179039431
Boaz Barak,2022,1,2199786071
Bonnie Berger,2003,1,2315546843
Bonnie J. Dorr,2020,1,2141255014
Brad A. Myers,2005,1,2117127927
Bradley Gene Calder,2019,1,2309058147
Brent Hailpern,2003,1,1993255528
Brent Waters,2021,1,2131229705
Brian Curless,2024,1,511526681
Brian Levine,2020,1,2178752965
Brian Randell,2008,1,2029293694
Bronis R. de Supinski,2022,1,302009331
Bruce G. Lindsay,1994,1,2020635548
Bruce M. Maggs,2018,1,731745793
Bruce R. Donald,2009,1,2183038711
Bud Mishra,2007,1,2110661079
Burton Smith,1994,1,2717655333
Butler W. Lampson,1994,1,1785551945
C. A. R. Hoare,2020,1,2052847585
C. Krishna Mohan,2002,1,2141064722
C. Lee Giles,2006,1,2124749556
Carl Ebeling,2011,1,2111484020
Carl Kesselman,2017,1,2045278166
Carla E. Brodley,2016,1,1994240001
Carla P. Gomes,2017,1,2108126638
Carla Schlatter Ellis,2010,1,2120159945
Carlo Ghezzi,1999,1,2233149120
Carlo H. Séquin,1998,1,139773092
Carlo Tomasi,2016,1,2198144429
Carlo Zaniolo,2019,1,2028117853
Carlos José Pereira de Lucena,2013,1,2182731144
Cathy H. Wu,2020,1,2133227394
Catriel Beeri,2007,1,345432764
Chandra Chekuri,2023,1,1182808806
Chandra Narayanaswami,2020,1,2075027297
Chandrajit L. Bajaj,2009,1,2006893438
Chandramohan A. Thekkath,2009,1,16313686
Charles E. Leiserson,2006,1,2137029746
Charles L. Isbell,2018,1,2106580818
Charles W. Bachman,2014,1,2315463675
Charu C. Aggarwal,2013,1,2146335907
ChengXiang Zhai,2017,1,2152766206
Chenyang Lu,2020,1,2099764636
Chien-Ming Chen,2006,1,2111630871
Chih-Jen Lin,2015,1,2168176072
Chris S. Wallace,1995,1,2311529153
Christian Cachin,2019,1,2250947825
Christian Damsgaard Jensen,2011,1,2187435788
Christian S. Jensen,2011,1,2159644763
Christine L. Borgman,2013,1,2156811675
Christophe Diot,2005,1,84450470
Christopher D. Manning,2013,1,2149153931
Christopher Kruegel,2023,1,2001160045
Christos Faloutsos,2010,1,2198983026
Christos H. Papadimitriou,2001,1,2220829341
Christos Kozyrakis,2016,1,713250648
Claire Cardie,2019,1,229573375
Clarence A. Ellis,1998,1,2163169701
Clark Barrett,2024,1,2136212275
Claudio T. Silva,2024,1,2150576810
Cliff B. Jones,1995,1,2142468959
Cliff Lampe,2024,1,2012545385
Clifford A. Lynch,2017,1,2281900866
Clifford Stein,2012,1,2148836898
Constantinos Daskalakis,2022,1,2090235954
Cordell Green,1994,1,2237799081
Corinna Cortes,2022,1,2134830209
Cormac Flanagan,2020,1,2130341195
Craig A. Knoblock,2017,1,1991211814
Craig Boutilier,2012,1,2060802895
Craig Gotsman,2022,1,2248009761
Craig Partridge,2003,1,2108566742
Cynthia Dwork,2015,1,208343995
Dacheng Tao,2019,1,2104129307
Dahlia Malkhi,2011,1,2195039702
Dale Miller,2021,1,2144406363
Dan Boneh,2016,1,201828038
Dan Gusfield,2017,1,108551919
Dan Halperin,2018,1,2130285077
Dan R. Olsen,2006,1,2148302434
Dan Roth,2011,1,2122007671
Dan Suciu,2011,1,1986159374
Dana Randall,2024,1,2127421764
Dana Ron,2023,1,2146939727
Dana S. Nau,2013,1,2054248234
Daniel A. Menascé,1997,1,2421071093
Daniel A. Reed,2003,1,2421208202
Daniel A. Spielman,2010,1,1986498546
Daniel Cohen-Or,2021,1,9988965
Daniel G. Bobrow,1994,1,2087866229
Daniel J. Abadi,2020,1,2170206103
Daniel J. Rosenkrantz,1995,1,250841333
Daniel Jackson,2016,1,2120858950
Daniel P. Huttenlocher,2007,1,677134955
Daniel P. Siewiorek,1994,1,2233600992
Daniel S. Weld,2005,1,560881892
Daniela Rus,2014,1,2223948068
Danny Dolev,2007,1,1983290808
Darrell Whitley,2019,1,2130462956
David A. Bader,2021,1,2148365076
David A. Maltz,2020,1,2063025135
David A. Patterson,1994,1,2098984663
David A. Wood,2005,1,2316719408
David Abramson,2010,1,2146690213
David B. Lomet,2002,1,1983664831
David B. Shmoys,2001,1,2150894071
David Basin,2018,1,2203547071
David Brooks,2020,1,2112153251
David C. Parkes,2018,1,2101135606
David D. Clark,2001,1,2135387429
David E. Culler,2002,1,348251026
David Eppstein,2011,1,2002613147
David F. Bacon,2009,1,2069733440
David Forsyth,2013,1,2003447161
David Garlan,2013,1,2256096860
David Gries,1994,1,1980295760
David Grove,2012,1,2135926280
David Harel,1994,1,427806604
David Heckerman,2011,1,2021640924
David J. Kuck,1994,1,705603598
David K. Gifford,2011,1,2222853225
David Kaeli,2021,1,2283028827
David Kotz,2020,1,2043852209
David L. Dill,2005,1,2148325455
David L. Mills,1999,1,2112308037
David L. Waltz,1999,1,79943208
David Lo,2023,1,2132927693
David Lorge Parnas,1994,1,88694571
David M. Blei,2015,1,2289542319
David M. Mount,2022,1,2463054195
David M. Nicol,2005,1,2170784007
David MacQueen,1999,1,2618847259
David Maier,1998,1,2064546257
David Notkin,1998,1,477007165
David P. Dobkin,1997,1,573397282
David Padua,2007,1,2123005755
David Peleg,2016,1,1903060929
David R. Karger,2009,1,2305153757
David S. Johnson,1995,1,2120920645
David S. Rosenblum,2010,1,2182166124
David S. Warren,2000,1,2163362677
David S. Wise,2004,1,2128700811
David Salesin,2002,1,2054111979
David Sankoff,2023,1,2298342406
David Ungar,2010,1,2041937263
David Wetherall,2011,1,2064270007
David Williamson,2013,1,2148783690
David Z. Pan,2021,1,2033707519
David Zuckerman,2013,1,2169649541
Dawn Song,2019,1,2131252044
Dean M. Tullsen,2011,1,1971059926
Deborah A. Frincke,2019,1,284309202
Deborah Estrin,2000,1,2127250160
Deepak Ganesan,2021,1,1960698960
Demetri Terzopoulos,2007,1,668754370
Denis Zorin,2022,1,2080123422
Dennis Shasha,2013,1,2082974086
Der-Tsai Lee,1997,1,2100396847
Derek Dreyer,2024,1,2283278728
Dexter Kozen,2003,1,2041783100
Dhabaleswar K. Panda,2024,1,2126583185
Dharma P. Agrawal,1998,1,2166965298
Dhiraj K. Pradhan,1999,1,2097985012
Diana Marculescu,2019,1,2094557653
Diane J. Cook,2024,1,2106796750
Diane L. Souvaine,2011,1,145047672
Diego Calvanese,2019,1,1987600604
Dieter Fox,2020,1,2231782831
Dina Katabi,2013,1,194212017
Dines Bjørner,2005,1,54991345
Dinesh Manocha,2009,1,2146473740
Divesh Srivastava,2011,1,2196778472
Divyakant Agrawal,2011,1,2169544959
Domenico Ferrari,2001,1,2147025125
Don Towsley,1997,1,2177075905
Donald A. Norman,2001,1,2144924319
Donald D. Chamberlin,1994,1,2118171802
Donald E. Knuth,1994,1,2137000881
Donald E. Thomas,2007,1,2474479974
Donald James Haderle,2000,1,2228853458
Donald Kossmann,2010,1,2242617642
Donald P. Greenberg,1995,1,2086033821
Donald W. Loveland,2000,1,290533546
Dong Yu,2022,1,2103789662
Dorin Comaniciu,2017,1,2054682710
Dorothy E. Denning,1995,1,2357457453
Douglas B. Terry,2008,1,2307956062
Douglas C. Burger,2010,1,2157490056
Douglas E. Comer,2000,1,2149828693
Dragomir R. Radev,2015,1,678127074
Ed H. Chi,2022,1,2237883256
Edith Cohen,2017,1,2167811012
Edmund M. Clarke,1998,1,2129477832
Edouard Bugnion,2017,1,2670407451
Edsger W. Dijkstra,1994,1,2137842401
Edward A. Feigenbaum,2007,1,2086686599
Edward A. Fox,2017,1,2159046469
Edward D. Lazowska,1995,1,1988594917
Edward J. Delp,2024,1,1983184564
Edward J. McCluskey,1994,1,644833585
Edward M. Reingold,1996,1,2307951894
Edward W. Felten,2007,1,234653941
Edward W. Knightly,2017,1,2300379501
Edward Y. Chang,2021,1,2419965122
Elad Hazan,2021,1,2139423477
Elaine J. Weyuker,1997,1,697582
Elaine Shi,2023,1,2152052458
Elchanan Mossel,2021,1,1735009869
Elena Ferrari,2019,1,2170777979
Eli Upfal,2005,1,265232414
Elisa Bertino,2003,1,717547165
Elizabeth Belding,2018,1,176939268
Elizabeth D. Mynatt,2015,1,18171182
Elizabeth F. Churchill,2019,1,730947879
Ellen M. Voorhees,2018,1,2047986224
Ellen Zegura,2013,1,2068860363
Emery D. Berger,2019,1,2144133257
Emmett Witchel,2023,1,2307943801
Eric Allender,2006,1,2091164281
Eric Brewer,2007,1,1975802069
Eric Grimson,2014,1,2311152712
Eric Horvitz,2014,1,1970391018
Eric P. Xing,2022,1,351197510
Eric Roberts,2007,1,2161569699
Erich Kaltofen,2009,1,1971168030
Erik D. Demaine,2016,1,380982395
Erol Gelenbe,2001,1,582660059
Eugene H. Spafford,1998,1,171783842
Eugene W. Myers,2003,1,2626884451
Evgeniy Gabrilovich,2021,1,1804802447
Faith Ellen,2014,1,2002204972
Falko Dressler,2024,1,2145186790
Farinaz Koushanfar,2022,1,270906047
Farnam Jahanian,2009,1,2122982230
Fatma Ozcan,2024,1,2026396360
Feifei Li,2021,1,2472728339
Feng Zhao,2024,1,2625852936
Fernando Pereira,2010,1,2291088731
Filippo Menczer,2020,1,2248192384
Foto N. Afrati,2014,1,2022488008
Francine Berman,2000,1,2052618510
Franco P. Preparata,1995,1,2012531759
Frank Mueller,2018,1,2107119837
Frank Pfenning,2015,1,114048148
Frank Wm. Tompa,2010,1,2271303423
Fred B. Schneider,1995,1,2106636992
Fred Harris,1994,1,2258722266
Frederick P. Brooks,1994,1,2097474894
Frédo Durand,2016,1,2130226629
Gabriel H. Loh,2017,1,2722433249
Gaetano Borriello,2009,1,141796421
Gail C. Murphy,2017,1,2100357700
Ganesan Ramalingam,2016,1,1961305742
Garth A. Gibson,2012,1,2235094860
Gary J. Sullivan,2022,1,2156579430
Gary L. Miller,2002,1,2155251200
Gary M. Olson,2007,1,2153820154
Gautam Das,2021,1,2112689123
Gene Tsudik,2014,1,465425324
Geoffrey C. Fox,2011,1,2165267828
Geoffrey E. Hinton,2023,1,563069026
Geoffrey M. Voelker,2017,1,241629895
Georg Gottlob,2007,1,1873538321
George E. Collins,2004,1,2140331667
George Fitzmaurice,2023,1,1899877228
George Varghese,2002,1,2040462121
George W. Furnas,2011,1,2019832499
Gerald Jay Sussman,1994,1,2074757679
Gerald Tesauro,2018,1,278923979
Gerard J. Holzmann,2011,1,2028047182
Gerard Medioni,2023,1,707607996
Gerard Salton,1995,1,2101230262
Gerhard Fischer,2009,1,2176357113
Gerhard Weikum,2005,1,514836396
Gernot Heiser,2014,1,2229929104
Gio Wiederhold,1995,1,1988326922
Giovanni Vigna,2019,1,2192390985
Giuseppe De Giacomo,2015,1,2113802512
Gonzalo Navarro,2022,1,3118800607
Gopal Gupta,1998,1,2101413274
Gordon B. Davis,1997,1,2108307508
Gordon Plotkin,2020,1,2076549375
Grady Booch,1995,1,64567716
Graham Cormode,2020,1,2190072679
Greg Morrisett,2013,1,683339272
Gregor Kiczales,2012,1,562619066
Gregor von Bochmann,1996,1,2093074657
Gregory D. Abowd,2008,1,620732773
Gregory D. Hager,2017,1,2070051019
Gregory R. Andrews,1998,1,2160887871
Guang Gao,2007,1,2225363634
Gul Agha,2018,1,2161553928
Guoliang Li,2024,1,2171804313
Guoliang Xing,2024,1,2106799586
Gurindar S. Sohi,2003,1,171423152
Gurudatta M. Parulkar,2018,1,1264156990
Gustavo Alonso,2012,1,2122271048
Guy E. Blelloch,2011,1,149058271
Guy L. Steele,1994,1,2501552208
H. V. Jagadish,2003,1,360112113
Haesun Park,2020,1,2913216944
Hagit Attiya,2009,1,685665164
Hai Li,2021,1,2131148309
Haibo Chen,2023,1,2119144303
Haitao Zheng,2022,1,2171500837
Haixun Wang,2024,1,2777339002
Hal Berghel,1998,1,1177580883
Hamid Pirahesh,2008,1,2213038480
Hanan Samet,1996,1,89934235
Hang Li,2022,1,2128739099
Hans-Jörg Schek,2001,1,2050071469
Hans-Peter Kriegel,2009,1,1919135125
Hanspeter Pfister,2019,1,2102290556
Hari Balakrishnan,2008,1,1998464616
Harold N. Gabow,2002,1,1987182166
Harold S. Stone,1994,1,2619011072
Hector Garcia-Molina,1997,1,237419955
Heng Tao Shen,2020,1,2116772828
Henning Schulzrinne,2014,1,2469462003
Henry F. Korth,2000,1,665840641
Henry Fuchs,1995,1,2196043388
Henry Kautz,2013,1,1966271946
Henry M. Levy,1996,1,737098973
Herbert A. Simon,1994,1,2118103072
Heung-Yeung Shum,2006,1,2147729234
Hiroshi Ishii,2022,1,2101434678
Holger H. Hoos,2020,1,87749410
Holly Rushmeier,2016,1,258783921
Hong Mei,2022,1,2105324944
Howard Jay Siegel,1998,1,2109947164
Howard Karloff,2011,1,2065464292
Hsinchun Chen,2015,1,2157743775
Huan Liu,2018,1,2122391114
Hubertus Franke,2021,1,2179606196
Hugues Hoppe,2011,1,2206701583
Hui Zhang,2005,1,2588683129
Ian F. Akyildiz,1997,1,37595673
Ian Foster,2009,1,2017222965
Ian Goldberg,2023,1,2113410603
Ian Munro,2008,1,2207680952
Ihab F. Ilyas,2020,1,1982738670
Imrich Chlamtac,1997,1,2953271361
Inderjit S. Dhillon,2014,1,2033403132
Ingemar J. Cox,2013,1,2128956250
Insup Lee,2017,1,2168261197
Ion Stoica,2012,1,2161479384
Irwin King,2024,1,2121363826
Ivan E. Sutherland,1994,1,1941499373
J. Strother Moore,2006,1,2112233366
J. Turner Whitted,1995,1,2078225852
J.J. Garcia-Luna-Aceves,2008,1,2236499141
Jack B. Dennis,1994,1,2167804309
Jack Dongarra,2001,1,288512535
Jack Minker,1994,1,250356191
Jack W. Davidson,2008,1,2138526175
Jacob A. Abraham,2001,1,2222350550
Jacob O. Wobbrock,2021,1,318516288
Jaime Teevan,2022,1,1982462162
James A. Landay,2016,1,29409133
James Allan,2020,1,2097030689
James C. Browne,1998,1,2104477647
James D. Foley,1999,1,2193907057
James Demmel,1999,1,700277173
James Goodman,2010,1,2130693759
James Gosling,2013,1,2151583810
James H. Anderson,2013,1,3007079295
James J. Horning,1998,1,664411623
James R. Larus,2006,1,635023701
Jan Camenisch,2018,1,2001749418
Janak H. Patel,2001,1,2129935094
Jason Cong,2008,1,2132574706
Jason Flinn,2016,1,1992040104
Jason Hong,2022,1,2141131632
Jason Nieh,2019,1,2241681790
Jayadev Misra,1995,1,2105352400
Jayant R. Haritsa,2015,1,44170712
Jean-Loup Baer,1997,1,2287748599
Jean-Pierre Hubaux,2010,1,1495879661
Jeanne Ferrante,1996,1,2706396683
Jeannette M. Wing,1998,1,1584891692
Jeffrey C. Mogul,2001,1,2018433396
Jeffrey D. Ullman,1995,1,2289364316
Jeffrey Dean,2009,1,2429370538
Jeffrey F. Jaffe,1996,1,2097083503
Jeffrey F. Naughton,2002,1,2075622585
Jeffrey M. Heer,2024,1,2112690490
Jeffrey S. Foster,2023,1,2155210674
Jeffrey S. Rosenschein,2019,1,345909134
Jeffrey Scott Vitter,1996,1,118037170
Jennifer Chayes,2010,1,2021736417
Jennifer Rexford,2008,1,1998722161
Jennifer Widom,2005,1,671527850
Jessica K. Hodgins,2018,1,601642093
Jian Pei,2015,1,2126330539
Jianfeng Gao,2023,1,2104437897
Jiawei Han,2003,1,2121939561
Jie Tang,2021,1,2158012360
Jiebo Luo,2018,1,2059910451
Jignesh M. Patel,2014,1,2155925739
Jim Gray,1994,1,2131537204
Jimmy Lin,2022,1,2163619555
Jin-Yi Cai,2001,1,2115541029
Jingren Zhou,2024,1,2702077502
Jitendra Malik,2008,1,2136556746
Jo Little,1994,1,2293514083
Joan Feigenbaum,2001,1,2167932487
Jodi Forlizzi,2020,1,2068668851
Joel Emer,2004,1,2103115969
Johan Håstad,2018,1,855633617
Johan de Kleer,2001,1,488478412
Johannes Gehrke,2014,1,2083845045
John A. Lee,1994,1,2123315865
John A. Stankovic,1996,1,2030977062
John B. Goodenough,1995,1,1950502168
John C. Mitchell,2008,1,2125383417
John C. Reynolds,2001,1,2403193723
John C. S. Lui,2009,1,2045404162
John Canny,2020,1,2101610026
John E. Hopcroft,1994,1,2079447303
John E. Laird,2006,1,2098086841
John E. Savage,1996,1,2128411992
John H. Reif,1997,1,2051256779
John Hershberger,2012,1,2250717697
John Hughes,2018,1,2130559414
John L. Hennessy,1997,1,1965698830
John Launchbury,2010,1,343041661
John M. Carroll,2003,1,2144459651
John McCarthy,1994,1,2498471291
John Mellor-Crummey,2013,1,2249219846
John Ousterhout,1994,1,270493864
John P. Hayes,2001,1,2146676729
John R. White,1995,1,2112061881
John Rice,1996,1,3109076432
John Riedl,2009,1,1986422195
John Stasko,2022,1,2087252583
John T. Richards,1998,1,2113619521
John V. Guttag,2006,1,120651226
John Wilkes,2002,1,2242421647
Jon Crowcroft,2002,1,1970640687
Jon Kleinberg,2013,1,2261367123
Jonathan Grudin,2012,1,2103856929
Jonathan Katz,2021,1,2237101560
Jonathan Rose,2008,1,2097064579
Joost-Pieter Katoen,2020,1,2036890539
Josep Torrellas,2010,1,2154776208
Joseph A. Konstan,2008,1,2002483998
Joseph B. Lyles,2016,1,2052047046
Joseph F. Traub,1994,1,2334622869
Joseph JaJa,2001,1,2199665864
Joseph M. Hellerstein,2009,1,2063640528
Joseph Mitchell,2011,1,2471980986
Joseph O'Rourke,2012,1,1995729299
Joseph Sifakis,2012,1,2105927184
Joseph Y. Halpern,2002,1,716715026
Joshua Lederberg,1994,1,20186083
José A. Blakeley,2009,1,2651294325
José L. Encarnação,1996,1,2153722525
José Meseguer,2020,1,2141313922
Joël Ouaknine,2021,1,705764827
Juan E. Gilbert,2018,1,2133271327
Judea Pearl,2015,1,2248165042
Judith Gal-Ezer,2021,1,2471044010
Judith S. Olson,2008,1,2121613656
Julia Hirschberg,2015,1,1983359683
Juliana Freire,2014,1,2116519607
Juris Hartmanis,1994,1,327575412
Justin Zobel,2024,1,2019828590
Justine Cassell,2016,1,2245648575
János Pach,2011,1,2094197253
K. K. Ramakrishnan,2017,1,3175435962
K. Rustan M. Leino,2016,1,710865586
Kai Li,1998,1,2106693521
Kalyanmoy Deb,2022,1,2150011549
Kang G. Shin,2001,1,2160067404
Karem A. Sakallah,2012,1,39739974
Katherine Yelick,2012,1,2062901400
Kathleen Fisher,2010,1,2134374908
Kathleen R. McKeown,2003,1,613661480
Kathryn S. McKinley,2008,1,2115847858
Katy Börner,2018,1,2143783256
Kavita Bala,2019,1,2050228312
Keith Cooper,2005,1,2107276333
Keith Marzullo,2011,1,677445823
Keith W. Ross,2012,1,2297273366
Ken Kennedy,1995,1,2136496678
Ken Thompson,2020,1,2163136642
Kenneth C. Sevcik,1997,1,726568899
Kenneth D. Forbus,2006,1,2047970220
Kenneth E. Batcher,1994,1,2192925305
Kenneth R. Koedinger,2023,1,311794911
Kenneth Steiglitz,1997,1,235792877
Kentaro Toyama,2022,1,2114684898
Keshab K. Parhi,2020,1,741769158
Keshav Pingali,2012,1,651843436
Kevin Fall,2015,1,2086421335
Kevin Fu,2022,1,1964944407
Kevin Leyton-Brown,2020,1,191979884
Kevin Skadron,2015,1,1975721694
Kilian Q. Weinberger,2023,1,2003907699
Kimberly Keeton,2018,1,1894617025
Klara Nahrstedt,2012,1,159144305
Krishan Kumar Sabnani,2001,1,2305940735
Krishna V. Palem,2005,1,2047392434
Krishnendu Chakrabarty,2013,1,2086842834
Krithi Ramamritham,2001,1,323797451
Krste Asanovic,2018,1,677108321
Kui Ren,2020,1,2137211123
Kun Zhou,2020,1,2589601894
Kurt Akeley,1996,1,1531868385
Kurt Mehlhorn,1999,1,512556102
Kwan-Liu Ma,2023,1,2122423217
Kyu-Young Whang,2009,1,1933211966
Kyuseok Shim,2013,1,2161168953
L. Jean Camp,2021,1,2113696107
Lance Fortnow,2007,1,2276785809
Lance J. Hoffman,1995,1,2118800365
Larry Constantine,2007,1,704531558
Larry J. Stockmeyer,1996,1,2312167908
Larry L. Peterson,2000,1,2144500278
Larry Masinter,1999,1,1953362800
Larry S. Davis,2012,1,2123954037
Lars Arge,2012,1,2170557315
Lars Birkedal,2017,1,2149590827
Laura M. Haas,2006,1,2304639312
Laurie Hendren,2009,1,2057929015
Laurie Williams,2020,1,2175749388
Lawrence A. Rowe,1998,1,2242628833
Lawrence C. Paulson,2008,1,2016735973
Laxmikant V. Kale,2017,1,2115450241
Leandros Tassiulas,2020,1,258781275
Lei Chen,2024,1,2318776917
Leon J. Osterweil,1998,1,2248607981
Leonard Kleinrock,2000,1,253749410
Leonard M. Adleman,2021,1,2009176085
Leonid Libkin,2012,1,1971151415
Leonidas J. Guibas,1999,1,356043702
Leslie G. Valiant,2012,1,2000097935
Li Li,2017,1,2529374982
Lidong Zhou,2019,1,2158515488
Lieven Eeckhout,2021,1,2264739303
Lili Qiu,2018,1,2121935375
Lillian Lee,2018,1,2124867291
Limsoon Wong,2013,1,2263195242
Lin Zhong,2021,1,2111073952
Linda R. Petzold,2011,1,2075742177
Lionel C. Briand,2020,1,2144557644
Lise Getoor,2019,1,1984940772
Lixia Zhang,2006,1,2170506047
Lixin Gao,2012,1,2251223525
Lizy K. John,2020,1,2107445173
Lorenzo Alvisi,2010,1,2292936287
Lori A. Clarke,1998,1,2106467035
Lorrie Faith Cranor,2014,1,368046975
Louiqa Raschid,2016,1,285822418
Luca Benini,2016,1,2054437942
Luca Cardelli,2004,1,331751290
Luca Trevisan,2021,1,2115996045
Luca de Alfaro,2024,1,2129359981
Lui Sha,2005,1,2900035843
Luis Ceze,2022,1,2259546344
Luiz Barroso,2010,1,2143449262
Lydia E. Kavraki,2010,1,1973461405
M. Tamer Özsu,2006,1,360895095
Maarten de Rijke,2024,1,401833296
Madhav V. Marathe,2013,1,2242145496
Madhu Sudan,2008,1,466258520
Magdalena Balazinska,2019,1,2345141441
Mahadev Satyanarayanan,2002,1,416104820
Maja J. Matarić,2020,1,2075666580
Maneesh Agrawala,2022,1,718039462
Mani Srivastava,2017,1,2098642314
Manik Varma,2023,1,2130043413
Manish Gupta,2012,1,2299189677
Manish Parashar,2020,1,2157372337
Manuel Blum,2020,1,2163096604
Manuel V. Hermenegildo,2022,1,2268913824
Manuela Veloso,2016,1,2108671403
Marc Alan Auslander,1999,1,2093808517
Marc Alexa,2024,1,2241694205
Marc Levoy,2007,1,2073891704
Marc Najork,2019,1,2027155665
Marc Pollefeys,2022,1,2198039525
Marc Snir,1999,1,2282086102
Marcelo Arenas,2024,1,2117861229
Margaret Burnett,2017,1,2115609526
Margaret Martonosi,2009,1,1972692845
Margo Seltzer,2011,1,2337629383
Maria Gini,2019,1,2236789276
Maria Klawe,1996,1,720839854
Maria-Florina Balcan,2023,1,2169342471
Marianne Winslett,2006,1,2078136799
Mario Gerla,2018,1,563121846
Mark Braverman,2021,1,2068669492
Mark Crovella,2010,1,91397146
Mark D. Hill,2004,1,2112660313
Mark Guzdial,2014,1,195157884
Mark Horowitz,2003,1,2113577245
Mark N. Wegman,1996,1,2010226721
Mark S. Ackerman,2013,1,1979641284
Mark S. Squillante,2008,1,2309916366
Mark Tehranipoor,2021,1,1976116216
Markus Gross,2012,1,2289975239
Marsha Chechik,2024,1,2032435099
Marta Kwiatkowska,2016,1,2156109015
Martha E. Pollack,2011,1,2920691311
Marti A. Hearst,2013,1,2169348332
Martin D. F. Wong,2017,1,2128862599
Martin E. Hellman,2020,1,2146312211
Martin Farach-Colton,2021,1,246373776
Martin Grohe,2017,1,2300561433
Martin L. Kersten,2016,1,2117317669
Martin Odersky,2007,1,248131350
Martin Rinard,2009,1,343541395
Martin Vetterli,2009,1,2545000257
Martín Abadi,2008,1,2162106674
Mary Beth Rosson,2020,1,151371205
Mary Czerwinski,2015,1,2071984077
Mary Jane Irwin,1996,1,2123342649
Mary Jean Harrold,2003,1,421534652
Mary K. Vernon,1996,1,2098205087
Mary Lou Soffa,1999,1,686913843
Mary Shaw,1996,1,2141334907
Masaru Kitsuregawa,2012,1,390930505
Massoud Pedram,2023,1,2068449622
Mateo Valero,2002,1,2134649964
Mathieu Desbrun,2020,1,156043509
Matthew B. Dwyer,2019,1,2156583880
Matthew Roughan,2018,1,1231305195
Matthew T. Mason,2021,1,2154441808
Matthew Turk,2020,1,2740893301
Matthias Felleisen,2006,1,113813022
Matthias Jarke,2013,1,251194211
Maurice Herlihy,2005,1,2068258939
Maurice V. Wilkes,1994,1,2224046207
Maurizio Lenzerini,2009,1,1976298713
Meir M. Lehman,1994,1,2614290841
Mendel Rosenblum,2008,1,2102969555
Meredith Ringel Morris,2020,1,2123314761
Micha Sharir,1997,1,2154115838
Michael A. Harrison,1996,1,2655339063
Michael Backes,2023,1,3112711640
Michael Bailey,2024,1,2103269098
Michael D. Ernst,2014,1,2235702021
Michael D. Schroeder,2004,1,2470914381
Michael F. Cohen,2007,1,3049172691
Michael Franz,2015,1,2061291788
Michael Hicks,2022,1,2130756752
Michael I. Jordan,2010,1,2435751034
Michael J. Carey,2000,1,2157114695
Michael J. Fischer,1996,1,2159593723
Michael J. Flynn,1994,1,2439324408
Michael J. Franklin,2005,1,2523407221
Michael J. Freedman,2019,1,2144033718
Michael K. Reiter,2008,1,2260712038
Michael Kass,2017,1,2133824905
Michael Kearns,2014,1,2118586410
Michael L. Littman,2018,1,1075592465
Michael Lesk,1996,1,225366896
Michael Luby,2015,1,2087233832
Michael Mitzenmacher,2014,1,1988080645
Michael O. Rabin,2020,1,2144633556
Michael P. Wellman,2005,1,2102222802
Michael R. Lyu,2015,1,2227744130
Michael Randolph Garey,1995,1,2063302323
Michael Scott,2006,1,2111432008
Michael Sipser,2017,1,324740313
Michael Stonebraker,1994,1,1998938290
Michael T. Goodrich,2009,1,2135853928
Michael T. Heath,2000,1,2129730520
Michael Wooldridge,2015,1,2345025092
Michael Zyda,2020,1,357521830
Michal Feldman,2024,1,2158063030
Michel Beaudouin-Lafon,2022,1,2674390412
Michel Dubois,2005,1,2112744756
Michel X. Goemans,2008,1,667657047
Mihai Pop,2019,1,2177091684
Mihalis Yannakakis,1998,1,294360276
Mihir Bellare,2013,1,2052950829
Mikhail Belkin,2023,1,2271754566
Mikhail J. Atallah,2006,1,1984264859
Mikkel Thorup,2005,1,1857373744
Milind Tambe,2013,1,2237142500
Ming Li,2006,1,2439529108
Ming Lin,2011,1,2143233993
Ming-Hsuan Yang,2021,1,2112462370
Ming-Syan Chen,2006,1,2122365371
Minos Garofalakis,2018,1,2089290244
Mira Mezini,2024,1,93690356
Mitchell Wand,2007,1,2303035752
Mohammed J. Zaki,2021,1,2165917828
Mohan Kankanhalli,2024,1,2011250649
Moinuddin K. Qureshi,2022,1,2793005190
Mona Singh,2019,1,2184493679
Moni Naor,2020,1,1023361224
Monika Henzinger,2016,1,2695385476
Mooly Sagiv,2015,1,1345056057
Mor Harchol-Balter,2017,1,2101141533
Moses Charikar,2020,1,2003165903
Moshe Tennenholtz,2019,1,127037394
Moshe Y. Vardi,2000,1,1970575723
Mostafa H. Ammar,2003,1,2130907696
Moti Yung,2013,1,2097786798
Moustafa Youssef,2019,1,2165462502
Mubarak Shah,2021,1,2171354718
Munindar P. Singh,2021,1,2306655439
Nachiappan Nagappan,2020,1,2031695674
Naehyuck Chang,2015,1,2115359679
Nam Sung Kim,2020,1,2110497244
Nancy G. Leveson,1995,1,2150992688
Nancy Lynch,1997,1,2180706138
Nancy M. Amato,2015,1,2084418087
Naren Ramakrishnan,2024,1,2199255697
Narendra Ahuja,1996,1,2129011837
Narsingh Deo,1996,1,2070393103
Nate Foster,2024,1,2102579274
Neil D. Jones,1998,1,2116419005
Neil Immerman,2002,1,2036035498
Nelson Max,2011,1,2189376613
Nicholas Pippenger,1997,1,2094387482
Nick Feamster,2016,1,1373210103
Nick McKeown,2006,1,218283174
Nick Roussopoulos,2001,1,258753967
Nicole Immorlica,2023,1,2090441920
Nikhil Bansal,2023,1,2145779519
Nikil Dutt,2014,1,2186960687
Niklas Elmqvist,2024,1,2193023912
Niklaus Wirth,1994,1,2327738716
Ninghui Li,2021,1,2165412067
Nir Shavit,2013,1,2071581749
Niraj K. Jha,2003,1,2219120753
Nisheeth K. Vishnoi,2019,1,211812777
Nitesh V. Chawla,2022,1,1979796846
Noga Alon,2016,1,2112574952
Norman P. Jouppi,2006,1,2472600557
Noshir Contractor,2019,1,2056937161
Nuria Oliver,2017,1,2116126005
Olga Sorkine-Hornung,2020,1,53636449
Omer Reingold,2014,1,109346679
Onur Mutlu,2017,1,2160510735
Ophir Frieder,2005,1,1975479660
Orna Grumberg,2015,1,1993734283
Oscar H. Ibarra,1995,1,2268403478
Ouri Wolfson,2001,1,2175821055
Ozalp Babaoglu,2002,1,182206759
Pablo Rodriguez,2015,1,2141776277
Padhraic Smyth,2013,1,2137074633
Pamela Samuelson,1999,1,1657786716
Pamela Zave,2001,1,248253975
Paola Inverardi,2021,1,2242511651
Parthasarathy Ranganathan,2014,1,2408455160
Pat Hanrahan,2008,1,2225733586
Patricia G. Selinger,2009,1,2045132998
Patrick Cousot,2020,1,2148533322
Patrick McDaniel,2015,1,2056207806
Patrick Suppes,1994,1,599389352
Patrick Valduriez,2012,1,2223920688
Paul Barford,2016,1,2078767370
Paul Barham,2018,1,2296249340
Paul Beame,2019,1,2019007185
Paul Dourish,2015,1,847797360
Paul Hudak,2003,1,2159432867
Paul Resnick,2020,1,2020459140
Paul Syverson,2014,1,2051205022
Paul Young,1995,1,2142498536
Per Stenström,2008,1,2008392143
Per-Ake Larson,2004,1,2148643341
Perry R. Cook,2008,1,2127663426
Peter Boncz,2022,1,2081047619
Peter Buneman,2000,1,2020138198
Peter Elias,1994,1,1986414534
Peter Freeman,2000,1,2153265399
Peter G. Neumann,1994,1,2129006352
Peter Hart,2003,1,3038074963
Peter J. Denning,1994,1,2069086639
Peter J. Haas,2013,1,2118460571
Peter Key,2011,1,2311465718
Peter L. Bartlett,2018,1,1849627065
Peter Lee,2004,1,2674525774
Peter M. Chen,2010,1,2101505567
Peter Magnusson,2011,1,2476504478
Peter Norvig,2006,1,2686285044
Peter P. Chen,1998,1,2120113151
Peter Stone,2020,1,2147180669
Peter W. O'Hearn,2024,1,188470835
Peter W. Shor,2019,1,368308055
Peter Wegner,1995,1,2024290158
Peter Widmayer,1997,1,70450096
Philip A. Bernstein,2001,1,2304774990
Philip Heidelberger,1996,1,2244447445
Philip M. Lewis,1999,1,2297443377
Philip N. Klein,2010,1,2109669342
Philip R. Cohen,2019,1,2428396799
Philip S. Yu,1997,1,2125104194
Philip Wadler,2007,1,2060729710
Phillip B. Gibbons,2006,1,2144092273
Phoebe Sengers,2023,1,223531715
Phokion G. Kolaitis,2005,1,720019886
Pierangela Samarati,2021,1,2087987499
Pierre Baldi,2012,1,2060797211
Piotr Indyk,2015,1,22135093
Prabhakar Raghavan,2001,1,2195048431
Pradeep Dubey,2023,1,2356469463
Prakash Panangaden,2020,1,2216498992
Prashant Shenoy,2019,1,2129693715
Premkumar Devanbu,2018,1,1481757371
Prithviraj Banerjee,2000,1,2004361871
Qi Tian,2024,1,2102216805
Qiang Yang,2017,1,2109031554
Rachid Guerraoui,2012,1,115057321
Rada Mihalcea,2019,1,2068190112
Radhika Nagpal,2020,1,2151774571
Radu Marculescu,2022,1,158891262
Rafael Pass,2022,1,2091057165
Rafail Ostrovsky,2021,1,1482108584
Raghu Ramakrishnan,2001,1,2164040783
Raj Jain,1996,1,2157313770
Raj Reddy,2012,1,2149385398
Rajeev Alur,2007,1,689646243
Rajeev Motwani,2007,1,2034912444
Rajeev Rastogi,2012,1,2651564987
Rajesh Gupta,2016,1,2180675385
Rajiv Gupta,2009,1,2104865906
Rakesh Agrawal,2003,1,2439481350
Ralf Steinmetz,2001,1,2238793978
Ram D. Sriram,2023,1,1989250364
Ramakrishnan Srikant,2014,1,2069583943
Ramanathan V. Guha,2015,1,2302699734
Ramesh Govindan,2011,1,2102043890
Ramesh Jain,2003,1,2133201272
Ramesh K. Sitaraman,2019,1,261571608
Ramin Zabih,2012,1,2040103212
Ran Canetti,2020,1,687553606
Randal E. Bryant,2000,1,2472051909
Randy H. Katz,1996,1,2246122413
Randy Pausch,2007,1,2139439197
Ranjit Jhala,2021,1,2068611990
Ranveer Chandra,2022,1,2128927081
Rasmus Pagh,2024,1,1864519460
Rastislav Bodik,2018,1,1115548098
Ravi Kannan,2016,1,2187777059
Ravi Kumar,2020,1,2559411768
Ravi Ramamoorthi,2017,1,2146115641
Ravi Sandhu,2001,1,1996714504
Ravi Sethi,1996,1,2239086285
Ravishankar Iyer,2001,1,2122615330
Ray Kurzweil,1994,1,2696445795
Raymond A. Lorie,2000,1,2255242933
Raymond J. Mooney,2010,1,2167433806
Raymond Reiter,1997,1,2162621422
Reinhard Wilhelm,2000,1,2127844901
Remzi H. Arpaci-Dusseau,2020,1,74145742
René Vidal,2022,1,2155853947
Ricardo Baeza-Yates,2009,1,528588921
Ricardo Bianchini,2016,1,2169611794
Richard A. Kemmerer,1997,1,233538037
Richard D. Schlichting,2001,1,2606028354
Richard E. Ladner,1995,1,1505021651
Richard E. Nance,1996,1,2136233962
Richard E. Schantz,2004,1,217083922
Richard F. Lyon,2010,1,2652370983
Richard Hull,2007,1,2157269769
Richard J. Cole,1998,1,2152729312
Richard J. Fateman,1999,1,36891908
Richard M. Fujimoto,2017,1,2108052934
Richard M. Karp,1994,1,1964658237
Richard N. Taylor,1998,1,2113585066
Richard P. Brent,1995,1,2136191845
Richard R. Muntz,1996,1,2033368653
Richard Szeliski,2008,1,1989985383
Richard T. Snodgrass,1999,1,699078101
Rick Stevens,2020,1,2618893480
Rina Dechter,2013,1,294129211
Rob A. Rutenbar,2008,1,262909221
Robbert van Renesse,2009,1,2109217526
Robert A. Kowalski,2001,1,2228449327
Robert B. Schnabel,2010,1,2021942052
Robert Cartwright,1998,1,2305176596
Robert E. Kahn,2001,1,2610176178
Robert E. Kraut,2011,1,1975391153
Robert E. Tarjan,1994,1,350567680
Robert Harper,2005,1,2147215243
Robert J. K. Jacob,2016,1,673017202
Robert Kleinberg,2021,1,2006104002
Robert L. Glass,1999,1,2132308597
Robert L. Grossman,2016,1,3167806524
Robert M. Graham,1996,1,2111892302
Robert Morris,2014,1,2270424441
Robert Ross,2021,1,2135752517
Robert Schreiber,2012,1,2131448496
Robert Sedgewick,1997,1,889684952
Robert Todd Constable,1995,1,2089533834
Robert W. Floyd,1994,1,2011551863
Robert W. Taylor,1994,1,2099649649
Robert Wilensky,1997,1,1973589771
Roberto Tamassia,2012,1,237969062
Robin R. Murphy,2019,1,2117700858
Robin Williams,2000,1,2149195424
Roch Guerin,2006,1,1992892501
Rodney A. Brooks,2005,1,2288122487
Rodney G. Downey,2007,1,1127475603
Roger B. Dannenberg,2023,1,128335373
Roger M. Needham,1994,1,2467977717
Rolf Drechsler,2023,1,2132216446
Ron Graham,1999,1,2156312790
Ron Shamir,2012,1,2100036403
Ronald F. Boisvert,2019,1,2232904012
Ronald Fagin,2000,1,2103086064
Ronald J. Brachman,1999,1,1956695822
Ronald L. Rivest,1994,1,695545146
Ronald M. Baecker,2011,1,107632699
Ronald M. Kaplan,1994,1,2580496752
Ronitt Rubinfeld,2014,1,1534604502
Rosalind W. Picard,2021,1,687641213
Roy Rada,1995,1,2148854578
Roy Want,2005,1,2423577896
Ruby B. Lee,2001,1,2331811076
Rudrapatna K. Shyamasundar,2009,1,2169216096
Ruzena Bajcsy,1996,1,1601293841
Ryen W. White,2021,1,2096583854
S. Muthukrishnan,2010,1,3160061748
S. Sitharama Iyengar,2001,1,2326873480
Sachin S. Sapatnekar,2016,1,2157196917
Salil Vadhan,2018,1,173843361
Sally Floyd,2001,1,2164767595
Salvatore J. Stolfo,2019,1,2021877992
Sam H. Noh,2020,1,2571969136
Saman Amarasinghe,2019,1,2083359406
Samir Khuller,2022,1,2159856632
Sampath Kannan,2013,1,2128447696
Samson Abramsky,2014,1,2147258895
Samuel Madden,2020,1,2139913828
Sandhya Dwarkadas,2018,1,19214967
Sandy Irani,2022,1,2100980789
Sanjay Ghemawat,2020,1,2575315241
Sanjeev Arora,2008,1,2159007752
Sanjeev Khanna,2018,1,2242803124
Sanjit A. Seshia,2020,1,260128524
Santosh Vempala,2015,1,2045140648
Sara Kiesler,2010,1,729699849
Sarit Kraus,2014,1,2122497617
Sarita V. Adve,2010,1,2346116799
Sartaj Sahni,1996,1,2097687781
Satish Chandra,2024,1,2144137030
Satish Rao,2013,1,2108675760
Satoshi Matsuoka,2011,1,2164966972
Saul Greenberg,2012,1,2120666348
Scott A. Smolka,2021,1,2212808945
Scott Aaronson,2019,1,2096229648
Scott Hudson,2024,1,2171298838
Scott Kirkpatrick,2011,1,2178148597
Scott Mahlke,2020,1,2171934779
Scott Shenker,2003,1,719828399
Sebastian Elbaum,2022,1,262280937
Serge Abiteboul,2011,1,172400696
Sethuraman Panchanathan,2020,1,2055909567
Sh Chang,2017,1,2635506434
Shafi Goldwasser,2017,1,1728759264
Shahid H. Bokhari,2000,1,2310474497
Shai Ben-David,2023,1,2151264347
Shamkant B. Navathe,2014,1,2065325028
Shang-Hua Teng,2009,1,2103844955
Sharad Malik,2014,1,2156970971
Sharad Mehrotra,2023,1,2201039448
Sharon Oviatt,2016,1,2669286322
Shaz Qadeer,2021,1,1985363956
Sheila A. McIlraith,2019,1,2047359151
Shlomo Zilberstein,2021,1,348962114
Shmuel Winograd,1994,1,2157771162
Shuicheng Yan,2020,1,2144833106
Shumin Zhai,2010,1,2235212685
Shwetak N. Patel,2016,1,2127286128
Silvio Micali,2017,1,699581604
Simon Jones,2004,1,2142246817
Simon S. Lam,1998,1,2142037325
Simson L. Garfinkel,2012,1,2583112299
Somesh Jha,2016,1,2193269139
Songwu Lu,2019,1,2126325751
Srdjan Capkun,2019,1,2144410870
Srinivas Aluru,2020,1,672311968
Srinivas Devadas,2014,1,855547412
Srinivasan Keshav,2012,1,2283071955
Srinivasan Seshan,2019,1,2093924322
Sriram K. Rajamani,2015,1,2083764764
Stamatis Vassiliadis,2004,1,1992265184
Stanley B. Zdonik,2006,1,431165649
Stefan Saroiu,2023,1,2232173907
Stefan Savage,2010,1,2171030022
Stefano Ceri,2013,1,519054157
Stefano Leonardi,2024,1,2155997025
Stefano Soatto,2022,1,343589990
Steffen Staab,2023,1,1941402522
Stephen A. Cook,2008,1,2098910421
Stephen Bourne,2005,1,2140034527
Stephen M. Blackburn,2016,1,2146610949
Stephen M. Trimberger,2010,1,1992393524
Stephen Robertson,2013,1,2129454193
Stephen W. Keckler,2011,1,1756148094
Steve Marschner,2021,1,1992278322
Steve Whittaker,2014,1,2119343948
Steven D. Gribble,2020,1,2044013107
Steven Feiner,2018,1,252695556
Steven H. Low,2020,1,2097134209
Steven Hand,2017,1,2140572436
Steven L. Scott,2012,1,2104578552
Steven M. Seitz,2017,1,2134777055
Stuart H. Zweben,1998,1,2144599573
Stuart K. Card,2000,1,614907589
Stuart M. Shieber,2014,1,1985347978
Stuart Russell,2003,1,3174817764
Subbarao Kambhampati,2019,1,1354405940
Subhash Suri,2010,1,2133221332
Subhasish Mitra,2014,1,2118856850
Sudip Misra,2024,1,2156828734
Sudipta Sengupta,2016,1,2104281610
Sudipto Guha,2024,1,2135063632
Suman Banerjee,2020,1,3209567881
Sumi Helal,2022,1,2052291672
Sumit Gulwani,2023,1,310804771
Sung Min Kang,2001,1,2136829028
Sunita Sarawagi,2021,1,156875573
Surajit Chaudhuri,2005,1,2163909284
Susan B. Davidson,2001,1,2097328450
Susan Dray,2017,1,1643225831
Susan J. Eggers,2002,1,2649744027
Susan L. Graham,1994,1,2138159208
Susan Landau,2011,1,2952127064
Susan S. Owicki,1994,1,2019529423
Susan T. Dumais,2006,1,676500258
Susanne Bodker,2024,1,1855116395
Susanne E. Hambrusch,2020,1,2133492747
Sushil Jajodia,2021,1,2056441798
Sven Koenig,2020,1,2130082723
Szymon Rusinkiewicz,2021,1,1936126667
T. V. Lakshman,2005,1,2030993420
Tajana Rosing,2021,1,1977760478
Takao Nishizeki,1996,1,224253159
Takeo Kanade,1999,1,2140539176
Tal Rabin,2017,1,2131142900
Tamal K. Dey,2018,1,2104811583
Tamara G. Kolda,2019,1,2139651035
Tandy Warnow,2015,1,665054654
Tanzeem Choudhury,2021,1,2345003782
Tao Jiang,2007,1,2619659646
Tao Xie,2021,1,1920070090
Tarek Abdelzaher,2019,1,1970017610
Tei-Wei Kuo,2015,1,2130848692
Terry Winograd,2009,1,2091637845
Tetsuo Asano,2001,1,2111668054
Thad Starner,2024,1,2038762803
Thomas A. DeFanti,1994,1,2034849075
Thomas A. Henzinger,2006,1,2707196735
Thomas Anderson,2005,1,2148869393
Thomas Ball,2011,1,2121300700
Thomas Dean,2009,1,2053515084
Thomas Eiter,2020,1,420267153
Thomas Erickson,2009,1,2183602536
Thomas Funkhouser,2018,1,2136189631
Thomas G. Dietterich,2002,1,160031478
Thomas Lengauer,2021,1,128580411
Thomas Reps,2005,1,341386833
Thomas Zimmermann,2021,1,2014339847
Thorsten Joachims,2014,1,245171893
Tian He,2018,1,2151189342
Tie-Yan Liu,2021,1,2108341226
Tim Berners-Lee,2023,1,2308609296
Tim Finin,2018,1,2066282134
Tim J. Menzies,2024,1,2236230523
Tim Roughgarden,2023,1,125590419
Timothy A. Davis,2014,1,2106676096
Timothy C. Y. Chan,2019,1,2264067581
Timothy Mark Pinkston,2019,1,32065925
Timothy Roscoe,2013,1,1981466420
Toby Walsh,2020,1,2156731892
Todd C. Mowry,2016,1,40863599
Tom Hull,1994,1,2740085907
Tom Leighton,2018,1,2128744112
Tom Rodden,2014,1,1980670276
Tomás Lozano-Pérez,2017,1,187031812
Toniann Pitassi,2018,1,672707272
Tony Hoare,2020,1,2159147199
Torsten Hoefler,2022,1,262156611
Toshihide Ibaraki,1999,1,2110223873
Tova Milo,2012,1,1983463915
Tracy Camp,2012,1,2164180442
Trent Jaeger,2023,1,2181741781
Trevor Mudge,2016,1,1968937847
Tuomas Sandholm,2008,1,2070867630
Ueli Maurer,2015,1,2068596995
Umesh Vazirani,2005,1,391723092
Umeshwar Dayal,2008,1,689294964
Uri Weiser,2005,1,668875075
Usama M. Fayyad,2006,1,2098423198
Uzi Vishkin,1996,1,37726087
Val Tannen,2013,1,599151389
Valerie King,2014,1,2126031951
Valerie Taylor,2016,1,2105362179
Vaughan R. Pratt,1997,1,2120476038
Vaughn Betz,2023,1,2081159056
Venkata N. Padmanabhan,2016,1,2039246148
Venkatesan Guruswami,2017,1,148409839
Venu Govindaraju,2009,1,2102146905
Vern Paxson,2006,1,716133098
Vicki L. Hanson,2004,1,2114468277
Victor R. Basili,1997,1,2011353662
Victor Vianu,2006,1,152493642
Vijay V. Vazirani,2005,1,2012704994
Vijaykrishnan Narayanan,2014,1,2228173237
Vikram Adve,2014,1,1990061224
Viktor K. Prasanna,2007,1,2088826626
Vincent Conitzer,2019,1,24490792
Vineet Bafna,2023,1,2028184273
Vinton G. Cerf,1994,1,2029905547
Vipin Kumar,2005,1,2161062602
Vishal Misra,2018,1,2202840633
Vishwani D. Agrawal,2002,1,2146318055
Vivek Sarkar,2008,1,2164197688
Volker Markl,2020,1,1963964406
W. Bruce Croft,1997,1,2127889770
Walter F. Tichy,2012,1,2074083528
Walter Willinger,2005,1,515099556
Wang Yi,2020,1,2124415778
Wang-Chiew Tan,2015,1,2175253844
Watts S. Humphrey,2008,1,2079950874
Wei Chen,2024,1,2527738285
Wei Wang,2020,1,3046105733
Wei-Ying Ma,2023,1,2134693834
Wen Gao,2013,1,2121069363
Wen-mei W. Hwu,2002,1,1183556006
Wendi Heinzelman,2018,1,2205751461
Wendy A. Kellogg,2002,1,2079158144
Wendy E. Mackay,2019,1,1925449899
Wendy Hall,2010,1,2169720894
Wenfei Fan,2012,1,2132396280
Wenjing Lou,2023,1,2170816905
Wenke Lee,2017,1,2155626625
Wenliang Du,2023,1,2159870315
Wenping Wang,2021,1,2118099990
Wenwu Zhu,2022,1,2111511002
Whitfield Diffie,2020,1,2307656538
Wil M. P. van der Aalst,2020,1,270949118
William A. Wulf,1994,1,2257274423
William Buxton,2008,1,2326945342
William Gropp,2006,1,293862447
William H. Sanders,2003,1,2280265749
William J. Dally,2002,1,2037541505
William Kahan,1994,1,2053339767
William T. Freeman,2016,1,2112716162
Willy Zwaenepoel,2000,1,2290999210
Witold Litwin,2001,1,1969171325
Won Kim,1995,1,2805878597
Xavier Leroy,2015,1,2780386900
Xiang-Yang Li,2019,1,2111415347
Xiangyang Li,2019,1,2689064213
Xiaobo Sharon Hu,2021,1,2101761700
Xiaodong Zhang,2012,1,2289224247
Xiaotie Deng,2008,1,2134590396
Xilin Chen,2019,1,2099541584
Xing Xie,2023,1,2125800575
Xuedong Huang,2016,1,2153189671
Yale N. Patt,2001,1,127822908
Yan Liu,2021,1,2240541904
Yann LeCun,2023,1,2053214915
Yannis Ioannidis,2004,1,435837623
Yao-Wen Chang,2020,1,2109890010
Yi Ma,2017,1,2145586907
Yi-Bing Lin,2003,1,2141485328
Yingying Chen,2023,1,2163180513
Yiran Chen,2020,1,3175291849
Yishay Mansour,2014,1,2078633956
Yizhou Yu,2022,1,2343472808
Yoav Shoham,2012,1,2112924421
Yoelle Maarek,2013,1,262608878
Yolanda Gil,2016,1,2145802646
Yong Rui,2017,1,2130014478
Yorick Wilks,2009,1,2073488377
Yoshua Bengio,2023,1,161269817
Yossi Matias,2009,1,1874579918
Yuan Xie,2019,1,2095844698
Yuanyuan Zhou,2013,1,2277525723
Yufei Tao,2020,1,2131082813
Yuguang Fang,2022,1,2156348848
Yunhao Liu,2015,1,2130996983
Yuri Breitbart,2001,1,1985207418
Yuri Gurevich,1997,1,2154094381
Yvonne Rogers,2017,1,2144042109
Zachary G. Ives,2021,1,53579654
Zhendong Su,2022,1,2102704429
Zhengyou Zhang,2013,1,2129474304
Zhi-Hua Zhou,2016,1,2286237009
Zhu Han,2023,1,2116008403
Zohar Manna,1994,1,2146370811
Zvi Galil,1995,1,1984842272
Zvi M. Kedem,1997,1,2347053213
Zygmunt J. Haas,2021,1,2044130634
Éva Tardos,1998,1,2009277913
Adi Shamir,2002,10,2201755339
Alan C. Kay,2003,10,1974749230
Alan J. Perlis,1966,10,2659867364
Alfred V. Aho,2020,10,2380581373
Allen Newell,1975,10,2126658068
Amir Pnueli,1996,10,2171343426
Andrew Barto,2024,10,1997216218
Andrew Chi-Chih Yao,2000,10,2088166175
Avi Wigderson,2023,10,31335080
Barbara Liskov,2008,10,2084056563
Butler W. Lampson,1992,10,1785551945
C. A. R. Hoare,1980,10,2052847585
Charles W. Bachman,1973,10,2315463675
Dana Scott,1976,10,2602723040
David A. Patterson,2017,10,2098984663
Dennis M. Ritchie,1983,10,2110203303
Donald E. Knuth,1974,10,2137000881
Douglas C. Engelbart,1997,10,2208808115
E. Allen Emerson,2007,10,2115834734
Edmund M. Clarke,2007,10,2129477832
Edsger W. Dijkstra,1972,10,2137842401
Edward A. Feigenbaum,1994,10,2086686599
Frederick P. Brooks,1999,10,2097474894
Geoffrey E. Hinton,2018,10,563069026
Herbert A. Simon,1975,10,2118103072
Ivan E. Sutherland,1988,10,1941499373
Jack Dongarra,2021,10,288512535
James Hardy Wilkinson,1970,10,2193746894
Jeffrey D. Ullman,2020,10,2289364316
Jim Gray,1998,10,2131537204
John Cocke,1987,10,2161752438
John E. Hopcroft,1986,10,2079447303
John L. Hennessy,2017,10,1965698830
John McCarthy,1971,10,2498471291
Joseph Sifakis,2007,10,2105927184
Judea Pearl,2011,10,2248165042
Juris Hartmanis,1993,10,327575412
Ken Thompson,1983,10,2163136642
Kenneth E. Iverson,1979,10,2470509247
Leonard M. Adleman,2002,10,2009176085
Leslie G. Valiant,2010,10,2000097935
Leslie Lamport,2013,10,2096750770
Manuel Blum,1995,10,2163096604
Martin E. Hellman,2015,10,2146312211
Marvin Minsky,1969,10,1968041664
Maurice V. Wilkes,1967,10,2224046207
Michael O. Rabin,1976,10,2144633556
Michael Stonebraker,2014,10,1998938290
Niklaus Wirth,1984,10,2327738716
Pat Hanrahan,2019,10,2225733586
Peter Naur,2005,10,587396187
Raj Reddy,1994,10,2149385398
Richard Edwin Stearns,1993,10,2102135011
Richard M. Karp,1985,10,1964658237
Richard Sutton,2024,10,3208608207
Robert E. Kahn,2004,10,2610176178
Robert E. Tarjan,1986,10,350567680
Robert W. Floyd,1978,10,2011551863
Robin Milner,1991,10,2087817183
Ronald L. Rivest,2002,10,695545146
Shafi Goldwasser,2012,10,1728759264
Silvio Micali,2012,10,699581604
Stephen A. Cook,1982,10,2098910421
Tim Berners-Lee,2016,10,2308609296
Vinton G. Cerf,2004,10,2029905547
Whitfield Diffie,2015,10,2307656538
William Kahan,1989,10,2053339767
Yann LeCun,2018,10,2053214915
Yoshua Bengio,2018,10,161269817
